# date,datetime,fmin,fbEs,ftEs,hEs,foE,hE,foF1,foF2,M3000,hF,hF2,ne_Es,ne_F2
2019-07-02,0:00:03,1.72,nan,nan,nan,nan,nan,nan,4.31,3.44,208.93,nan,nan,22.93345679
2019-07-02,0:15:03,1.87,nan,nan,nan,nan,nan,nan,4.53,3.51,225,nan,nan,25.33444444
2019-07-02,0:30:04,1.76,nan,nan,nan,nan,nan,nan,4.76,3.71,207.14,nan,nan,27.97234568
2019-07-02,0:45:04,1.73,nan,nan,nan,nan,nan,nan,4.04,3.75,194.64,nan,nan,20.15012346
2019-07-02,1:00:04,1.61,nan,nan,nan,nan,nan,nan,3.69,3.44,201.79,nan,nan,16.81
2019-07-02,1:15:04,1.96,nan,nan,nan,nan,nan,nan,3.96,3.35,226.79,nan,nan,19.36
2019-07-02,1:30:04,1.68,nan,nan,nan,nan,nan,nan,3.96,3.77,221.43,nan,nan,19.36
2019-07-02,1:45:04,3.13,nan,nan,nan,nan,nan,nan,nan,nan,nan,nan,nan,nan
2019-07-02,2:00:04,1.62,1.78,2.13,98.21,nan,nan,nan,nan,nan,217.86,nan,5.601111111,nan
2019-07-02,2:15:04,1.87,nan,2.05,101.79,nan,nan,nan,nan,nan,nan,nan,5.188271605,nan
2019-07-02,2:30:04,1.64,nan,3.08,100,nan,nan,nan,3.17,3.49,239.29,nan,11.71160494,12.40604938
2019-07-02,2:45:04,1.84,nan,nan,nan,nan,nan,nan,3.05,3.44,226.79,nan,nan,11.4845679
2019-07-02,3:00:04,1.68,nan,nan,nan,nan,nan,nan,3.27,3.42,233.93,nan,nan,13.20111111
2019-07-02,3:15:04,1.62,nan,nan,nan,nan,nan,nan,3.17,nan,228.57,nan,nan,12.40604938
2019-07-02,3:30:04,1.65,nan,nan,nan,nan,nan,nan,3.19,3.55,214.29,nan,nan,12.56308642
2019-07-02,3:45:04,1.96,nan,nan,nan,nan,nan,nan,2.97,3.57,225,nan,nan,10.89
2019-07-02,4:00:05,1.73,nan,nan,nan,nan,nan,nan,2.81,3.55,241.07,nan,nan,9.748271605
2019-07-02,4:15:05,2.01,nan,2.04,101.79,nan,nan,nan,nan,nan,nan,nan,5.137777778,nan
2019-07-02,4:30:05,1.65,nan,1.99,94.64,nan,nan,nan,nan,nan,nan,nan,4.889012346,nan
2019-07-02,4:45:05,2.2,nan,nan,nan,nan,nan,nan,nan,nan,nan,nan,nan,nan
2019-07-02,5:00:05,1.65,2,2,94.64,nan,nan,nan,nan,nan,nan,nan,4.938271605,nan
2019-07-02,5:15:05,1.68,1.96,1.96,96.43,nan,nan,nan,nan,nan,nan,nan,4.742716049,nan
2019-07-02,5:30:05,1.65,1.82,1.82,92.86,nan,nan,nan,nan,nan,nan,nan,4.089382716,nan
2019-07-02,5:45:05,1.64,nan,1.8,92.86,nan,nan,nan,2.68,3.33,nan,nan,4,8.867160494
2019-07-02,6:00:05,1.85,nan,nan,nan,nan,nan,nan,2.97,3.4,244.64,nan,nan,10.89
2019-07-02,6:15:05,1.82,nan,nan,nan,nan,nan,nan,3.07,3.55,233.93,nan,nan,11.63567901
2019-07-02,6:30:05,1.83,nan,nan,nan,nan,nan,nan,3.05,3.67,225,nan,nan,11.4845679
2019-07-02,6:45:05,1.75,nan,nan,nan,nan,nan,nan,2.99,3.77,216.07,nan,nan,11.03716049
2019-07-02,7:00:05,1.63,nan,nan,nan,nan,nan,nan,2.61,3.94,203.57,nan,nan,8.41
2019-07-02,7:15:05,1.7,nan,nan,nan,nan,nan,nan,1.98,3.71,nan,nan,nan,4.84
2019-07-02,7:30:06,1.82,nan,nan,nan,nan,nan,nan,2.13,3,nan,nan,nan,5.601111111
2019-07-02,7:45:06,1.56,nan,nan,nan,nan,nan,nan,2.25,3.1,300,nan,nan,6.25
2019-07-02,8:00:06,1.7,nan,nan,nan,nan,nan,nan,2.34,3.15,280.36,nan,nan,6.76
2019-07-02,8:15:06,1.64,nan,nan,nan,nan,nan,nan,2.43,3.27,262.5,nan,nan,7.29
2019-07-02,8:30:06,1.76,nan,nan,nan,nan,nan,nan,2.42,3.27,271.43,nan,nan,7.230123457
2019-07-02,8:45:06,1.8,nan,nan,nan,nan,nan,nan,2.46,3.33,271.43,nan,nan,7.471111111
2019-07-02,9:00:06,1.96,nan,nan,nan,nan,nan,nan,2.51,3.4,267.86,nan,nan,7.777901235
2019-07-02,9:15:06,1.7,nan,nan,nan,nan,nan,nan,2.58,nan,228.57,nan,nan,8.217777778
2019-07-02,9:30:06,1.73,nan,nan,nan,nan,nan,nan,2.24,3.57,225,nan,nan,6.194567901
2019-07-02,9:45:06,1.65,nan,nan,nan,nan,nan,nan,1.79,3.61,nan,nan,nan,3.955679012
2019-07-02,10:00:06,nan,nan,nan,nan,nan,nan,nan,nan,nan,nan,nan,nan,nan
2019-07-02,10:15:06,nan,nan,nan,nan,nan,nan,nan,nan,nan,nan,nan,nan,nan
2019-07-02,10:30:06,1.79,nan,nan,nan,nan,nan,nan,2.01,3.19,nan,nan,nan,4.987777778
2019-07-02,10:45:07,1.66,nan,nan,nan,nan,nan,nan,1.94,nan,305.36,nan,nan,4.646419753
2019-07-02,11:00:07,1.72,nan,nan,nan,nan,nan,nan,nan,nan,nan,nan,nan,nan
2019-07-02,11:15:07,1.73,nan,nan,nan,nan,nan,nan,2.25,3.22,285.71,nan,nan,6.25
2019-07-02,11:30:07,1.87,nan,nan,nan,nan,nan,nan,2.62,3.38,258.93,nan,nan,8.474567901
2019-07-02,11:45:07,1.66,nan,nan,nan,1.87,nan,nan,3.4,3.57,239.29,nan,nan,14.27160494
2019-07-02,12:00:07,1.98,nan,nan,nan,1.89,nan,nan,3.89,3.61,221.43,nan,nan,18.68160494
2019-07-02,12:15:07,1.65,nan,nan,nan,1.82,121.43,nan,4.18,3.75,225,nan,nan,21.5708642
2019-07-02,12:30:07,1.57,2.31,2.65,125,2,121.43,nan,4.41,3.81,225,nan,8.669753086,24.01
2019-07-02,12:45:07,1.61,2.3,2.68,126.79,2.22,119.64,nan,4.41,3.57,228.57,nan,8.867160494,24.01
2019-07-02,13:00:07,1.64,nan,nan,nan,2.3,116.07,nan,4.63,3.59,232.14,nan,nan,26.46530864
2019-07-02,13:15:07,1.89,nan,nan,nan,nan,117.86,nan,4.73,3.61,225,nan,nan,27.6208642
2019-07-02,13:30:07,1.87,2.68,2.69,121.43,nan,116.07,nan,4.51,3.57,200,nan,8.93345679,25.11123457
2019-07-02,13:45:07,1.92,nan,nan,nan,2.68,114.29,3.83,4.71,3.4,192.86,282.14,nan,27.38777778
2019-07-02,14:00:07,1.89,nan,nan,nan,nan,116.07,4,4.89,3.46,203.57,285.71,nan,29.52111111
2019-07-02,14:05:07,2,nan,nan,nan,2.51,114.29,3.71,5.05,3.38,198.21,291.07,nan,31.4845679
2019-07-02,14:10:07,1.94,nan,nan,nan,2.46,114.29,4,5.1,3.4,203.57,292.86,nan,32.11111111
2019-07-02,14:15:08,2.07,3.31,3.61,175,nan,116.07,3.91,5.21,3.57,226.79,283.93,16.08901235,33.51123457
2019-07-02,14:20:08,2.05,3.27,3.67,182.14,nan,116.07,4.04,5.3,3.44,216.07,287.5,16.6282716,34.67901235
2019-07-02,14:25:08,1.89,3.46,3.49,180.36,2.77,114.29,3.91,5.6,3.46,246.43,276.79,15.03716049,38.71604938
2019-07-02,14:30:08,1.98,nan,3.44,175,2.77,114.29,3.96,5.63,3.59,nan,278.57,14.60938272,39.13197531
2019-07-02,14:35:08,1.95,3.35,3.61,175,3.19,116.07,3.89,5.63,3.69,239.29,266.07,16.08901235,39.13197531
2019-07-02,14:40:08,2.01,nan,3.55,173.21,3.02,114.29,4.18,5.75,3.69,nan,258.93,15.55864198,40.81790123
2019-07-02,14:45:08,2.18,nan,nan,nan,nan,121.43,4.09,5.78,3.69,228.57,251.79,nan,41.24493827
2019-07-02,14:55:08,2.5,nan,3.17,203.57,nan,119.64,4.13,5.66,3.63,223.21,260.71,12.40604938,39.55012346
2019-07-02,15:00:08,2.4,nan,nan,nan,nan,117.86,4,5.72,3.57,219.64,255.36,nan,40.39308642
2019-07-02,15:05:08,2.5,nan,nan,nan,nan,123.21,3.98,5.6,3.59,208.93,260.71,nan,38.71604938
2019-07-02,15:10:08,2.12,nan,nan,nan,3.05,116.07,4.04,5.53,3.59,200,267.86,nan,37.75419753
2019-07-02,15:15:08,2,nan,nan,nan,2.97,117.86,3.91,5.72,3.53,203.57,267.86,nan,40.39308642
2019-07-02,15:20:08,1.96,nan,nan,nan,3.13,112.5,4,5.81,3.61,203.57,266.07,nan,41.67419753
2019-07-02,15:25:08,2.3,nan,nan,nan,2.99,114.29,4.09,5.94,3.65,198.21,257.14,nan,43.56
2019-07-02,15:30:08,2.18,nan,nan,nan,3.15,116.07,3.85,6.13,3.67,192.86,255.36,nan,46.39123457
2019-07-02,15:31:37,2.07,nan,nan,nan,nan,117.86,nan,nan,nan,nan,nan,nan,nan
2019-07-02,15:32:08,2.28,nan,nan,nan,nan,117.86,4.02,6.24,3.73,191.07,250,nan,48.07111111
2019-07-02,15:32:28,2.03,nan,nan,nan,nan,117.86,3.98,6.24,3.71,nan,250,nan,48.07111111
2019-07-02,15:32:48,2.57,nan,nan,nan,nan,123.21,4,6.24,3.73,nan,250,nan,48.07111111
2019-07-02,15:33:08,2.28,nan,nan,nan,nan,116.07,4,6.27,3.63,192.86,250,nan,48.53444444
2019-07-02,15:33:28,2.1,nan,nan,nan,3.08,114.29,4,6.3,3.65,191.07,250,nan,49
2019-07-02,15:33:48,2.05,nan,nan,nan,3.17,116.07,4.04,6.27,3.71,189.29,250,nan,48.53444444
2019-07-02,15:34:08,2.2,nan,nan,nan,3.1,114.29,4.04,6.27,3.71,189.29,250,nan,48.53444444
2019-07-02,15:34:28,2.15,nan,nan,nan,nan,114.29,4.04,6.27,3.71,191.07,250,nan,48.53444444
2019-07-02,15:34:48,2.24,nan,nan,nan,3.03,114.29,4.04,6.27,3.73,189.29,250,nan,48.53444444
2019-07-02,15:35:08,2.25,nan,nan,nan,nan,114.29,4.02,6.27,3.73,187.5,250,nan,48.53444444
2019-07-02,15:35:28,2.08,nan,nan,nan,3.08,112.5,4.04,6.3,3.69,185.71,250,nan,49
2019-07-02,15:35:48,2.4,nan,nan,nan,3.07,117.86,4.07,6.24,3.73,187.5,250,nan,48.07111111
2019-07-02,15:36:08,2.22,nan,nan,nan,3.07,114.29,4.09,6.27,3.71,191.07,250,nan,48.53444444
2019-07-02,15:36:28,2.1,nan,nan,nan,nan,112.5,4.07,6.27,3.77,191.07,250,nan,48.53444444
2019-07-02,15:36:48,2.31,nan,nan,nan,3.02,114.29,4.09,6.24,3.77,194.64,250,nan,48.07111111
2019-07-02,15:37:08,2.07,nan,nan,nan,3.03,114.29,nan,6.24,3.77,191.07,250,nan,48.07111111
2019-07-02,15:37:28,2.23,nan,nan,nan,nan,116.07,nan,6.27,3.75,196.43,250,nan,48.53444444
2019-07-02,15:37:48,2.22,nan,nan,nan,nan,119.64,4.15,6.2,3.79,194.64,250,nan,47.45679012
2019-07-02,15:38:08,2.31,nan,nan,nan,nan,119.64,4.04,6.2,3.77,189.29,250,nan,47.45679012
2019-07-02,15:38:28,2.15,nan,nan,nan,3.07,116.07,4.07,6.2,3.77,187.5,250,nan,47.45679012
2019-07-02,15:38:48,2.1,nan,nan,nan,3.08,121.43,4.11,6.24,3.79,194.64,250,nan,48.07111111
2019-07-02,15:39:08,2.25,nan,nan,nan,3.1,117.86,4.04,6.27,3.79,187.5,248.21,nan,48.53444444
2019-07-02,15:39:28,2.11,nan,nan,nan,3.07,117.86,4.07,6.34,3.71,187.5,248.21,nan,49.62419753
2019-07-02,15:39:48,2.28,nan,nan,nan,3.03,117.86,4.07,6.27,3.77,200,248.21,nan,48.53444444
2019-07-02,15:40:08,2.16,nan,nan,nan,3.07,116.07,4.07,6.27,3.79,nan,248.21,nan,48.53444444
2019-07-02,15:40:28,2.19,nan,nan,nan,nan,119.64,3.96,6.27,3.79,194.64,248.21,nan,48.53444444
2019-07-02,15:40:48,2.1,nan,nan,nan,nan,116.07,3.89,6.27,3.79,nan,248.21,nan,48.53444444
2019-07-02,15:41:08,2.17,nan,nan,nan,nan,117.86,nan,6.27,3.79,nan,248.21,nan,48.53444444
2019-07-02,15:41:28,2.15,nan,nan,nan,nan,116.07,3.94,6.27,3.79,nan,248.21,nan,48.53444444
2019-07-02,15:41:48,2.25,nan,nan,nan,3.1,114.29,3.98,6.3,3.79,nan,248.21,nan,49
2019-07-02,15:42:08,2.18,nan,nan,nan,nan,114.29,4.07,6.27,3.79,192.86,246.43,nan,48.53444444
2019-07-02,15:42:28,2.44,nan,nan,nan,3.1,119.64,4.18,6.27,3.81,189.29,244.64,nan,48.53444444
2019-07-02,15:42:48,2.13,nan,nan,nan,3.07,116.07,nan,6.27,3.81,189.29,246.43,nan,48.53444444
2019-07-02,15:43:08,2.23,nan,nan,nan,nan,116.07,4.07,6.27,3.81,185.71,246.43,nan,48.53444444
2019-07-02,15:43:28,2.3,nan,nan,nan,nan,117.86,4.09,6.24,3.79,189.29,246.43,nan,48.07111111
2019-07-02,15:43:48,2.1,nan,nan,nan,nan,116.07,4.04,6.2,3.81,183.93,246.43,nan,47.45679012
2019-07-02,15:44:08,2.46,3.2,3.2,125,2.95,119.64,4.02,6.24,3.83,183.93,246.43,12.64197531,48.07111111
2019-07-02,15:44:28,2.27,nan,nan,nan,3.03,116.07,4.15,6.2,3.83,187.5,244.64,nan,47.45679012
2019-07-02,15:44:48,2.38,3.24,3.24,125,nan,117.86,4.11,6.24,3.79,183.93,244.64,12.96,48.07111111
2019-07-02,15:45:08,2.27,nan,nan,nan,3.12,114.29,4.09,6.2,3.79,183.93,244.64,nan,47.45679012
2019-07-02,15:45:28,2.62,nan,nan,nan,nan,121.43,4.07,6.24,3.79,185.71,244.64,nan,48.07111111
2019-07-02,15:45:48,2.48,3.51,3.51,125,nan,117.86,4.07,6.27,3.77,nan,244.64,15.21,48.53444444
2019-07-02,15:46:08,2.37,nan,nan,nan,2.89,119.64,4.2,6.24,3.79,nan,244.64,nan,48.07111111
2019-07-02,16:00:08,nan,nan,nan,nan,nan,nan,nan,nan,nan,nan,nan,nan,nan
2019-07-02,16:13:08,2.51,nan,nan,nan,nan,117.86,nan,5.1,3.44,nan,nan,nan,32.11111111
2019-07-02,16:16:19,2.51,3.19,3.4,125,nan,117.86,4.22,4.99,3.53,198.21,282.14,14.27160494,30.7408642
2019-07-02,16:17:10,2.31,nan,nan,nan,2.89,116.07,4.18,5.02,3.51,192.86,280.36,nan,31.11160494
2019-07-02,16:17:28,2.44,nan,nan,nan,nan,117.86,nan,4.99,3.53,192.86,285.71,nan,30.7408642
2019-07-02,16:17:48,2.62,nan,nan,nan,2.84,121.43,4.18,5.02,3.51,194.64,nan,nan,31.11160494
2019-07-02,16:18:08,2.2,nan,nan,nan,nan,119.64,4.2,5.21,3.46,194.64,280.36,nan,33.51123457
2019-07-02,16:18:28,2.43,3.13,3.27,125,nan,119.64,nan,5.24,3.51,192.86,278.57,13.20111111,33.8982716
2019-07-02,16:18:48,2.47,nan,nan,nan,nan,117.86,4.09,5.19,3.55,192.86,275,nan,33.25444444
2019-07-02,16:19:08,2.16,3.22,3.27,130.36,nan,116.07,4.22,nan,nan,189.29,nan,13.20111111,nan
2019-07-02,16:30:08,2.64,nan,nan,nan,nan,123.21,4.11,nan,nan,nan,253.57,nan,nan
2019-07-02,16:45:08,2.19,nan,nan,nan,3.15,112.5,4.07,nan,nan,200,nan,nan,nan
2019-07-02,17:00:08,2.47,nan,nan,nan,3.17,117.86,4.13,nan,nan,175,271.43,nan,nan
2019-07-02,17:15:08,2.43,3.2,3.26,125,3,116.07,4.18,5.16,nan,171.43,350,13.12049383,32.87111111
2019-07-02,17:30:08,2,3.38,3.55,123.21,3.12,114.29,3.96,5.56,3.49,178.57,291.07,15.55864198,38.16493827
2019-07-02,17:45:09,2.16,3.31,3.42,125,nan,112.5,4,5.72,3.59,189.29,266.07,14.44,40.39308642
2019-07-02,18:00:09,2.4,3.44,3.73,121.43,nan,116.07,4.18,5.13,3.79,nan,253.57,17.17641975,32.49
2019-07-02,18:15:09,2.16,nan,nan,nan,nan,116.07,4,nan,nan,nan,nan,nan,nan
2019-07-02,18:30:09,2.1,3.55,3.79,116.07,nan,114.29,3.98,5.36,3.17,216.07,344.64,17.73345679,35.46864198
2019-07-02,18:45:09,1.86,3.35,3.75,175,nan,112.5,3.77,5.69,3.26,219.64,314.29,17.36111111,39.97049383
2019-07-02,19:00:09,1.84,3.53,3.85,169.64,nan,110.71,3.79,5.72,3.36,nan,298.21,18.29938272,40.39308642
2019-07-02,19:05:09,1.8,3.71,4.07,162.5,nan,110.71,3.91,5.78,3.36,nan,300,20.45049383,41.24493827
2019-07-02,19:10:09,1.8,3.65,3.91,162.5,nan,110.71,3.81,5.94,3.29,nan,294.64,18.87419753,43.56
2019-07-02,19:15:09,1.88,3.38,3.77,157.14,2.74,108.93,3.77,6.13,3.42,nan,283.93,17.54679012,46.39123457
2019-07-02,19:20:09,1.84,3.44,3.71,160.71,2.81,110.71,3.75,6.2,3.4,258.93,280.36,16.99271605,47.45679012
2019-07-02,19:25:09,1.74,2.94,3.57,164.29,2.78,108.93,3.81,6.2,3.44,242.86,280.36,15.73444444,47.45679012
2019-07-02,19:30:09,1.88,3.15,3.55,160.71,2.69,105.36,3.61,6.37,3.46,223.21,275,15.55864198,50.09493827
2019-07-02,19:35:09,1.84,3.1,3.42,157.14,nan,107.14,3.4,6.37,3.46,228.57,269.64,14.44,50.09493827
2019-07-02,19:40:09,1.8,2.94,3.31,160.71,2.44,108.93,3.24,6.37,3.49,223.21,269.64,13.52604938,50.09493827
2019-07-02,19:45:09,1.8,2.81,3.27,164.29,2.48,110.71,3.4,6.58,3.51,214.29,262.5,13.20111111,53.45234568
2019-07-02,19:50:09,1.78,nan,2.87,160.71,nan,107.14,nan,6.69,3.49,262.5,262.5,10.16901235,55.25444444
2019-07-02,19:55:09,1.72,2.77,2.78,192.86,nan,105.36,nan,6.73,3.57,248.21,255.36,9.541234568,55.91716049
2019-07-02,20:00:09,1.69,2.8,3.13,175,2.71,107.14,3.51,6.65,3.61,237.5,250,12.09493827,54.59567901
2019-07-02,20:05:09,1.78,2.59,3.19,105.36,2.55,nan,nan,6.58,3.69,233.93,244.64,12.56308642,53.45234568
2019-07-02,20:10:09,1.68,2.61,3.46,105.36,nan,nan,nan,6.62,3.53,225,237.5,14.77975309,54.10419753
2019-07-02,20:15:09,1.77,2.69,3.77,103.57,nan,nan,3,6.87,3.51,nan,233.93,17.54679012,58.26777778
2019-07-02,20:20:09,1.68,2.27,3.75,103.57,2.27,103.57,2.89,7.37,3.44,203.57,228.57,17.36111111,67.05790123
2019-07-02,20:25:09,1.56,3.08,3.79,103.57,nan,101.79,nan,6.84,nan,nan,225,17.73345679,57.76
2019-07-02,20:29:01,1.65,2.68,3.49,101.79,2.61,101.79,nan,nan,nan,223.21,nan,15.03716049,nan
2019-07-02,20:29:49,1.63,2.55,3.59,100,2.43,nan,nan,6.99,3.71,219.64,nan,15.91123457,60.32111111
2019-07-02,20:30:09,1.7,2.68,3.61,101.79,nan,nan,nan,7.06,3.65,219.64,nan,16.08901235,61.53530864
2019-07-02,20:30:29,1.61,2.48,3.77,100,nan,nan,nan,7.02,3.65,219.64,nan,17.54679012,60.84
2019-07-02,20:30:49,1.61,2.5,3.69,100,nan,nan,nan,7.02,3.65,217.86,nan,16.81,60.84
2019-07-02,20:31:09,1.68,2.5,3.61,100,nan,nan,nan,7.02,3.63,216.07,nan,16.08901235,60.84
2019-07-02,20:31:29,1.61,2.64,3.71,98.21,nan,nan,nan,7.02,3.61,214.29,nan,16.99271605,60.84
2019-07-02,20:31:49,1.63,2.61,3.46,101.79,nan,nan,nan,6.99,3.61,216.07,nan,14.77975309,60.32111111
2019-07-02,20:32:09,1.56,2.71,3.47,101.79,nan,nan,nan,6.99,3.61,216.07,nan,14.86530864,60.32111111
2019-07-02,20:32:29,1.68,2.66,3.53,100,nan,nan,nan,6.91,3.63,216.07,nan,15.38382716,58.9482716
2019-07-02,20:32:49,1.62,2.72,3.46,101.79,nan,nan,nan,6.91,3.61,214.29,nan,14.77975309,58.9482716
2019-07-02,20:33:09,1.56,2.65,3.49,101.79,nan,nan,nan,6.91,3.61,214.29,nan,15.03716049,58.9482716
2019-07-02,20:33:29,1.65,2.68,3.47,100,nan,nan,nan,6.91,3.59,214.29,nan,14.86530864,58.9482716
2019-07-02,20:33:49,1.61,2.8,3.63,100,nan,nan,nan,6.84,3.65,214.29,nan,16.26777778,57.76
2019-07-02,20:34:09,1.64,2.83,3.69,100,nan,nan,nan,6.76,3.71,214.29,nan,16.81,56.41679012
2019-07-02,20:34:29,1.8,2.64,3.71,101.79,nan,nan,nan,6.73,3.71,214.29,nan,16.99271605,55.91716049
2019-07-02,20:34:49,1.72,2.69,3.63,100,nan,nan,nan,6.65,3.71,216.07,nan,16.26777778,54.59567901
2019-07-02,20:35:09,1.64,2.86,3.71,101.79,nan,nan,nan,6.62,3.73,214.29,nan,16.99271605,54.10419753
2019-07-02,20:35:29,1.64,2.83,4.04,100,nan,nan,nan,6.58,3.73,216.07,nan,20.15012346,53.45234568
2019-07-02,20:35:49,1.61,2.8,4.39,101.79,nan,nan,nan,6.58,3.75,214.29,nan,23.79271605,53.45234568
2019-07-02,20:36:09,1.6,2.86,4.11,101.79,nan,nan,nan,6.55,3.77,214.29,nan,20.85444444,52.96604938
2019-07-02,20:36:29,1.63,2.87,4.15,101.79,nan,nan,nan,6.55,3.77,214.29,nan,21.26234568,52.96604938
2019-07-02,20:36:49,1.58,2.83,4.65,101.79,nan,nan,nan,6.51,3.79,214.29,nan,26.69444444,52.32111111
2019-07-02,20:37:09,1.65,2.92,4.58,101.79,nan,nan,nan,6.48,3.79,214.29,nan,25.89679012,51.84
2019-07-02,20:37:29,1.64,2.75,4.41,101.79,nan,nan,nan,6.44,3.79,212.5,nan,24.01,51.20197531
2019-07-02,20:37:49,1.69,2.86,4.86,101.79,nan,nan,nan,6.44,3.79,212.5,nan,29.16,51.20197531
2019-07-02,20:38:09,1.66,2.83,4.83,101.79,nan,nan,nan,6.37,3.81,212.5,nan,28.80111111,50.09493827
2019-07-02,20:38:29,1.64,2.83,4.78,101.79,nan,nan,nan,6.3,3.81,212.5,nan,28.20790123,49
2019-07-02,20:38:49,1.73,3.03,4.71,101.79,nan,nan,nan,6.27,3.81,212.5,nan,27.38777778,48.53444444
2019-07-02,20:39:09,1.68,2.81,4.6,101.79,nan,nan,nan,6.27,3.79,214.29,nan,26.12345679,48.53444444
2019-07-02,20:39:29,1.65,2.75,4.94,101.79,nan,nan,nan,6.24,3.81,212.5,nan,30.12790123,48.07111111
2019-07-02,20:39:49,1.72,2.91,4.91,101.79,nan,nan,nan,6.24,3.79,208.93,nan,29.76308642,48.07111111
2019-07-02,20:40:09,1.66,2.77,4.86,101.79,nan,nan,nan,6.2,3.79,208.93,nan,29.16,47.45679012
2019-07-02,20:40:29,1.62,2.97,4.81,103.57,nan,nan,nan,6.13,3.79,212.5,nan,28.56308642,46.39123457
2019-07-02,20:40:49,1.68,2.69,4.65,101.79,nan,nan,nan,6.1,3.79,210.71,nan,26.69444444,45.9382716
2019-07-02,20:41:09,1.67,2.75,4.76,101.79,nan,nan,nan,6.07,3.79,210.71,nan,27.97234568,45.48753086
2019-07-02,20:41:29,1.63,2.94,4.86,101.79,nan,nan,nan,6.07,3.79,210.71,nan,29.16,45.48753086
2019-07-02,20:41:49,1.58,2.95,4.73,101.79,nan,nan,nan,6.04,3.79,208.93,nan,27.6208642,45.03901235
2019-07-02,20:42:09,1.65,2.99,4.51,101.79,nan,nan,nan,6,3.79,207.14,nan,25.11123457,44.44444444
2019-07-02,20:42:29,1.65,2.95,4.34,101.79,nan,nan,nan,5.97,3.79,205.36,nan,23.25382716,44.00111111
2019-07-02,20:42:49,1.6,2.86,4.53,101.79,nan,nan,nan,5.94,3.79,207.14,nan,25.33444444,43.56
2019-07-02,20:43:09,1.62,2.65,4.36,101.79,nan,nan,nan,5.91,3.81,207.14,nan,23.46864198,43.12111111
2019-07-02,20:43:29,1.59,2.78,4.43,101.79,nan,nan,nan,5.94,3.79,207.14,nan,24.2282716,43.56
2019-07-02,20:43:49,1.64,2.74,4.6,100,nan,nan,nan,5.94,3.77,208.93,nan,26.12345679,43.56
2019-07-02,20:44:09,1.58,2.83,4.53,100,nan,nan,nan,5.78,3.81,210.71,nan,25.33444444,41.24493827
2019-07-02,20:44:29,1.62,2.89,4.48,100,nan,nan,nan,5.78,3.79,208.93,nan,24.7782716,41.24493827
2019-07-02,20:44:49,1.68,2.75,4.58,100,nan,nan,nan,5.75,3.75,207.14,nan,25.89679012,40.81790123
2019-07-02,20:45:09,1.67,2.61,4.41,101.79,nan,nan,nan,5.69,3.77,207.14,nan,24.01,39.97049383
2019-07-02,20:45:29,1.61,2.24,4.55,100,nan,nan,nan,5.66,3.79,205.36,nan,25.55864198,39.55012346
2019-07-02,20:45:49,1.61,2.87,4.53,100,nan,nan,nan,5.69,3.73,207.14,nan,25.33444444,39.97049383
2019-07-02,20:46:09,1.56,2.89,4.41,101.79,nan,nan,nan,5.75,3.61,207.14,nan,24.01,40.81790123
2019-07-02,20:46:29,1.64,2.83,4.27,101.79,nan,nan,nan,5.69,3.65,205.36,nan,22.50975309,39.97049383
2019-07-02,20:46:49,1.64,2.75,4.34,101.79,nan,nan,nan,5.51,3.71,205.36,nan,23.25382716,37.48160494
2019-07-02,20:47:09,1.65,2.4,4.36,101.79,nan,nan,nan,5.56,3.65,203.57,nan,23.46864198,38.16493827
2019-07-02,20:48:35,2.61,2.61,4.53,101.79,nan,nan,nan,5.36,3.73,203.57,nan,25.33444444,35.46864198
2019-07-02,20:48:53,1.64,2.5,4.48,101.79,nan,nan,nan,5.39,3.73,203.57,nan,24.7782716,35.86679012
2019-07-02,20:49:09,1.67,2.47,4.29,101.79,nan,nan,nan,5.36,3.73,203.57,nan,22.72111111,35.46864198
2019-07-02,20:49:29,1.62,1.98,4.31,101.79,nan,nan,nan,5.42,3.67,203.57,nan,22.93345679,36.26716049
2019-07-02,20:49:49,1.6,2.2,4.29,100,nan,nan,nan,5.45,3.65,201.79,nan,22.72111111,36.66975309
2019-07-02,20:50:09,1.67,2.24,4.34,101.79,nan,nan,nan,5.48,3.61,203.57,nan,23.25382716,37.0745679
2019-07-02,20:52:29,1.58,2,4,101.79,nan,nan,nan,5.48,3.49,201.79,nan,19.75308642,37.0745679
2019-07-02,20:55:09,1.69,2.3,3.35,101.79,2.09,103.57,nan,5.56,3.47,210.71,nan,13.85493827,38.16493827
2019-07-02,21:00:09,1.64,2.81,4.25,100,nan,nan,nan,5.84,3.33,221.43,nan,22.29938272,42.10567901
2019-07-02,21:05:09,1.59,2.62,4.15,101.79,nan,nan,nan,5.66,3.42,225,nan,21.26234568,39.55012346
2019-07-02,21:10:10,1.71,2.61,4.51,100,nan,nan,nan,5.84,3.29,232.14,nan,25.11123457,42.10567901
2019-07-02,21:15:10,1.73,2.61,3.83,101.79,nan,nan,nan,5.94,3.38,242.86,nan,18.10975309,43.56
2019-07-02,21:20:10,1.58,2.15,3.22,100,2.01,nan,nan,6.07,3.47,244.64,nan,12.80049383,45.48753086
2019-07-02,21:25:10,1.56,2.31,3.29,100,nan,nan,nan,6.24,3.61,237.5,nan,13.36308642,48.07111111
2019-07-02,21:30:10,1.63,2.31,3.03,101.79,nan,nan,nan,6.3,3.63,228.57,nan,11.33444444,49
2019-07-02,21:35:10,1.59,3.07,3.12,101.79,nan,nan,nan,6.24,3.69,228.57,nan,12.01777778,48.07111111
2019-07-02,21:40:10,1.69,2.31,3.02,101.79,nan,nan,nan,6.24,3.67,223.21,nan,11.25975309,48.07111111
2019-07-02,21:45:10,1.65,2.3,2.95,101.79,nan,nan,nan,6.13,3.65,223.21,nan,10.74382716,46.39123457
2019-07-02,21:50:10,1.64,2.33,3.02,101.79,nan,nan,nan,6.2,3.63,223.21,nan,11.25975309,47.45679012
2019-07-02,21:55:10,1.55,2.08,3.4,101.79,nan,nan,nan,6.1,3.61,219.64,nan,14.27160494,45.9382716
2019-07-02,22:00:10,1.56,1.85,3.44,101.79,nan,nan,nan,6.17,3.57,217.86,nan,14.60938272,46.99864198
2019-07-02,22:15:10,1.54,2.33,3.2,100,nan,nan,nan,6.24,3.73,208.93,nan,12.64197531,48.07111111
2019-07-02,22:30:10,1.64,2.28,3.46,98.21,nan,nan,nan,6.04,3.81,203.57,nan,14.77975309,45.03901235
2019-07-02,22:45:10,1.57,2,3.2,98.21,nan,nan,nan,5.1,3.77,194.64,nan,12.64197531,32.11111111
2019-07-02,23:00:10,1.58,1.73,3.59,98.21,nan,nan,nan,4.86,3.47,194.64,nan,15.91123457,29.16
2019-07-02,23:15:10,1.62,2.72,3.29,98.21,nan,nan,nan,4.83,3.67,216.07,nan,13.36308642,28.80111111
2019-07-02,23:30:10,1.62,2.17,3.26,98.21,nan,nan,nan,3.87,3.79,196.43,nan,13.12049383,18.49
2019-07-02,23:45:10,1.6,2.59,3.29,98.21,nan,nan,nan,3.47,3.13,nan,nan,13.36308642,14.86530864